{
	"character_supersonic_02_0x01":  { "File": "character_supersonic_02.bmp", "Rect": "8,8,36,40", "Center": "20,19" },
	"character_supersonic_02_0x02":  { "File": "character_supersonic_02.bmp", "Rect": "64,8,35,40", "Center": "20,18" },
	"character_supersonic_02_0x03":  { "File": "character_supersonic_02.bmp", "Rect": "124,8,32,40", "Center": "20,17" },
	"character_supersonic_02_0x04":  { "File": "character_supersonic_02.bmp", "Rect": "180,8,32,40", "Center": "18,19" },
	"character_supersonic_02_0x05":  { "File": "character_supersonic_02.bmp", "Rect": "228,8,37,40", "Center": "22,19" },
	"character_supersonic_02_0x06":  { "File": "character_supersonic_02.bmp", "Rect": "288,8,35,40", "Center": "19,18" },
	"character_supersonic_02_0x07":  { "File": "character_supersonic_02.bmp", "Rect": "348,8,32,40", "Center": "20,17" },
	"character_supersonic_02_0x08":  { "File": "character_supersonic_02.bmp", "Rect": "404,8,33,40", "Center": "20,19" },
	"character_supersonic_02_0x09":  { "File": "character_supersonic_02.bmp", "Rect": "452,0,48,56", "Center": "31,27" },
	"character_supersonic_02_0x0a":  { "File": "character_supersonic_02.bmp", "Rect": "504,4,56,48", "Center": "31,23" },
	"character_supersonic_02_0x0b":  { "File": "character_supersonic_02.bmp", "Rect": "564,8,48,40", "Center": "30,18" },
	"character_supersonic_02_0x0c":  { "File": "character_supersonic_02.bmp", "Rect": "616,4,56,48", "Center": "30,25" },
	"character_supersonic_02_0x0d":  { "File": "character_supersonic_02.bmp", "Rect": "676,0,48,56", "Center": "31,27" },
	"character_supersonic_02_0x0e":  { "File": "character_supersonic_02.bmp", "Rect": "728,4,56,48", "Center": "31,19" },
	"character_supersonic_02_0x0f":  { "File": "character_supersonic_02.bmp", "Rect": "788,4,48,48", "Center": "30,25" },
	"character_supersonic_02_0x10":  { "File": "character_supersonic_02.bmp", "Rect": "844,8,48,40", "Center": "30,18" },
	"character_supersonic_02_0x11":  { "File": "character_supersonic_02.bmp", "Rect": "4,64,48,40", "Center": "28,20" },
	"character_supersonic_02_0x12":  { "File": "character_supersonic_02.bmp", "Rect": "60,64,48,40", "Center": "27,20" },
	"character_supersonic_02_0x13":  { "File": "character_supersonic_02.bmp", "Rect": "116,68,48,32", "Center": "26,12" },
	"character_supersonic_02_0x14":  { "File": "character_supersonic_02.bmp", "Rect": "172,66,48,36", "Center": "28,14" },
	"character_supersonic_02_0x15":  { "File": "character_supersonic_02.bmp", "Rect": "228,62,48,44", "Center": "28,22" },
	"character_supersonic_02_0x16":  { "File": "character_supersonic_02.bmp", "Rect": "284,62,48,44", "Center": "27,21" },
	"character_supersonic_02_0x17":  { "File": "character_supersonic_02.bmp", "Rect": "340,68,48,32", "Center": "26,12" },
	"character_supersonic_02_0x18":  { "File": "character_supersonic_02.bmp", "Rect": "396,68,48,32", "Center": "28,12" },
	"character_supersonic_02_0x19":  { "File": "character_supersonic_02.bmp", "Rect": "448,60,56,48", "Center": "27,16" },
	"character_supersonic_02_0x1a":  { "File": "character_supersonic_02.bmp", "Rect": "508,56,48,56", "Center": "24,25" },
	"character_supersonic_02_0x1b":  { "File": "character_supersonic_02.bmp", "Rect": "568,60,40,48", "Center": "19,18" },
	"character_supersonic_02_0x1c":  { "File": "character_supersonic_02.bmp", "Rect": "620,56,48,56", "Center": "26,27" },
	"character_supersonic_02_0x1d":  { "File": "character_supersonic_02.bmp", "Rect": "672,60,56,48", "Center": "28,18" },
	"character_supersonic_02_0x1e":  { "File": "character_supersonic_02.bmp", "Rect": "732,56,48,56", "Center": "20,26" },
	"character_supersonic_02_0x1f":  { "File": "character_supersonic_02.bmp", "Rect": "788,60,48,48", "Center": "26,18" },
	"character_supersonic_02_0x20":  { "File": "character_supersonic_02.bmp", "Rect": "848,60,40,48", "Center": "19,18" },
	"character_supersonic_02_0x21":  { "File": "character_supersonic_02.bmp", "Rect": "8,120,40,40", "Center": "27,21" },
	"character_supersonic_02_0x22":  { "File": "character_supersonic_02.bmp", "Rect": "64,120,40,40", "Center": "27,21" },
	"character_supersonic_02_0x23":  { "File": "character_supersonic_02.bmp", "Rect": "120,120,40,40", "Center": "27,21" },
	"character_supersonic_02_0x24":  { "File": "character_supersonic_02.bmp", "Rect": "176,120,40,40", "Center": "27,21" },
	"character_supersonic_02_0x25":  { "File": "character_supersonic_02.bmp", "Rect": "232,116,40,48", "Center": "28,22" },
	"character_supersonic_02_0x26":  { "File": "character_supersonic_02.bmp", "Rect": "288,116,40,48", "Center": "28,23" },
	"character_supersonic_02_0x27":  { "File": "character_supersonic_02.bmp", "Rect": "344,116,40,48", "Center": "28,22" },
	"character_supersonic_02_0x28":  { "File": "character_supersonic_02.bmp", "Rect": "400,116,40,48", "Center": "28,23" },
	"character_supersonic_02_0x29":  { "File": "character_supersonic_02.bmp", "Rect": "456,120,40,40", "Center": "21,12" },
	"character_supersonic_02_0x2a":  { "File": "character_supersonic_02.bmp", "Rect": "512,120,40,40", "Center": "21,12" },
	"character_supersonic_02_0x2b":  { "File": "character_supersonic_02.bmp", "Rect": "568,120,40,40", "Center": "21,12" },
	"character_supersonic_02_0x2c":  { "File": "character_supersonic_02.bmp", "Rect": "624,120,40,40", "Center": "21,12" },
	"character_supersonic_02_0x2d":  { "File": "character_supersonic_02.bmp", "Rect": "676,120,48,40", "Center": "22,12" },
	"character_supersonic_02_0x2e":  { "File": "character_supersonic_02.bmp", "Rect": "732,120,48,40", "Center": "23,12" },
	"character_supersonic_02_0x2f":  { "File": "character_supersonic_02.bmp", "Rect": "788,120,48,40", "Center": "22,12" },
	"character_supersonic_02_0x30":  { "File": "character_supersonic_02.bmp", "Rect": "844,120,48,40", "Center": "23,12" },
	"character_supersonic_02_0x31":  { "File": "character_supersonic_02.bmp", "Rect": "9,174,35,42", "Center": "17,22" },
	"character_supersonic_02_0x32":  { "File": "character_supersonic_02.bmp", "Rect": "65,176,35,40", "Center": "16,22" },
	"character_supersonic_02_0x33":  { "File": "character_supersonic_02.bmp", "Rect": "124,180,32,32", "Center": "15,16" },
	"character_supersonic_02_0x34":  { "File": "character_supersonic_02.bmp", "Rect": "179,180,33,32", "Center": "16,17" },
	"character_supersonic_02_0x35":  { "File": "character_supersonic_02.bmp", "Rect": "236,180,32,35", "Center": "12,17" },
	"character_supersonic_02_0x36":  { "File": "character_supersonic_02.bmp", "Rect": "292,176,32,44", "Center": "15,22" },
	"character_supersonic_02_0x37":  { "File": "character_supersonic_02.bmp", "Rect": "344,176,36,45", "Center": "20,20" },
	"character_supersonic_02_0x38":  { "File": "character_supersonic_02.bmp", "Rect": "404,176,28,40", "Center": "16,18" },
	"character_supersonic_02_0x39":  { "File": "character_supersonic_02.bmp", "Rect": "460,180,32,32", "Center": "16,18" },
	"character_supersonic_02_0x3a":  { "File": "character_supersonic_02.bmp", "Rect": "516,180,32,32", "Center": "19,16" },
	"character_supersonic_02_0x3b":  { "File": "character_supersonic_02.bmp", "Rect": "574,176,26,40", "Center": "14,20" },
	"character_supersonic_02_0x3c":  { "File": "character_supersonic_02.bmp", "Rect": "628,175,28,41", "Center": "16,21" },
	"character_supersonic_02_0x3d":  { "File": "character_supersonic_02.bmp", "Rect": "688,172,24,48", "Center": "14,26" },
	"character_supersonic_02_0x3e":  { "File": "character_supersonic_02.bmp", "Rect": "744,177,24,35", "Center": "13,19" },
	"character_supersonic_02_0x3f":  { "File": "character_supersonic_02.bmp", "Rect": "796,180,32,32", "Center": "17,15" },
	"character_supersonic_02_0x40":  { "File": "character_supersonic_02.bmp", "Rect": "852,180,32,32", "Center": "16,14" },
	"character_supersonic_02_0x41":  { "File": "character_supersonic_02.bmp", "Rect": "12,232,32,40", "Center": "16,17" },
	"character_supersonic_02_0x42":  { "File": "character_supersonic_02.bmp", "Rect": "66,232,34,42", "Center": "18,20" },
	"character_supersonic_02_0x43":  { "File": "character_supersonic_02.bmp", "Rect": "124,232,28,41", "Center": "15,20" },
	"character_supersonic_02_0x44":  { "File": "character_supersonic_02.bmp", "Rect": "182,236,26,32", "Center": "14,16" },
	"character_supersonic_02_0x45":  { "File": "character_supersonic_02.bmp", "Rect": "235,240,33,24", "Center": "15,10" },
	"character_supersonic_02_0x46":  { "File": "character_supersonic_02.bmp", "Rect": "296,236,24,32", "Center": "13,13" },
	"character_supersonic_02_0x47":  { "File": "character_supersonic_02.bmp", "Rect": "348,232,28,40", "Center": "17,21" },
	"character_supersonic_02_0x48":  { "File": "character_supersonic_02.bmp", "Rect": "400,224,40,48", "Center": "23,28" },
	"character_supersonic_02_0x49":  { "File": "character_supersonic_02.bmp", "Rect": "456,232,40,40", "Center": "20,24" },
	"character_supersonic_02_0x4a":  { "File": "character_supersonic_02.bmp", "Rect": "516,226,32,50", "Center": "14,24" },
	"character_supersonic_02_0x4b":  { "File": "character_supersonic_02.bmp", "Rect": "572,231,32,37", "Center": "16,26" },
	"character_supersonic_02_0x4c":  { "File": "character_supersonic_02.bmp", "Rect": "628,229,32,39", "Center": "13,22" },
	"character_supersonic_02_0x4d":  { "File": "character_supersonic_02.bmp", "Rect": "684,232,32,36", "Center": "13,22" },
	"character_supersonic_02_0x4e":  { "File": "character_supersonic_02.bmp", "Rect": "740,236,32,32", "Center": "18,14" },
	"character_supersonic_02_0x4f":  { "File": "character_supersonic_02.bmp", "Rect": "792,232,40,40", "Center": "22,22" },
	"character_supersonic_02_0x50":  { "File": "character_supersonic_02.bmp", "Rect": "848,232,40,40", "Center": "21,20" },
	"character_supersonic_02_0x51":  { "File": "character_supersonic_02.bmp", "Rect": "12,292,32,32", "Center": "17,19" },
	"character_supersonic_02_0x52":  { "File": "character_supersonic_02.bmp", "Rect": "68,292,32,32", "Center": "14,17" },
	"character_supersonic_02_0x53":  { "File": "character_supersonic_02.bmp", "Rect": "120,292,40,32", "Center": "24,19" },
	"character_supersonic_02_0x54":  { "File": "character_supersonic_02.bmp", "Rect": "176,292,40,32", "Center": "17,16" },
	"character_supersonic_02_0x55":  { "File": "character_supersonic_02.bmp", "Rect": "230,284,38,44", "Center": "22,24" },
	"character_supersonic_02_0x56":  { "File": "character_supersonic_02.bmp", "Rect": "289,283,35,45", "Center": "20,25" },
	"character_supersonic_02_0x57":  { "File": "character_supersonic_02.bmp", "Rect": "348,284,32,44", "Center": "16,24" },
	"character_supersonic_02_0x58":  { "File": "character_supersonic_02.bmp", "Rect": "408,282,24,46", "Center": "13,26" },
	"character_supersonic_02_0x59":  { "File": "character_supersonic_02.bmp", "Rect": "460,285,36,43", "Center": "17,23" },
	"character_supersonic_02_0x5a":  { "File": "character_supersonic_02.bmp", "Rect": "516,285,34,43", "Center": "18,23" },
	"character_supersonic_02_0x5b":  { "File": "character_supersonic_02.bmp", "Rect": "576,282,24,46", "Center": "13,26" },
	"character_supersonic_02_0x5c":  { "File": "character_supersonic_02.bmp", "Rect": "620,295,48,23", "Center": "21,11" },
	"character_supersonic_02_0x5d":  { "File": "character_supersonic_02.bmp", "Rect": "684,297,32,23", "Center": "7,11" },
	"character_supersonic_02_0x5e":  { "File": "character_supersonic_02.bmp", "Rect": "736,296,40,23", "Center": "26,11" },
	"character_supersonic_02_0x5f":  { "File": "character_supersonic_02.bmp", "Rect": "788,295,48,23", "Center": "27,11" },
	"character_supersonic_02_0x60":  { "File": "character_supersonic_02.bmp", "Rect": "852,297,32,23", "Center": "10,11" },
	"character_supersonic_02_0x61":  { "File": "character_supersonic_02.bmp", "Rect": "8,353,40,23", "Center": "37,11" },
	"character_supersonic_02_0x62":  { "File": "character_supersonic_02.bmp", "Rect": "64,347,40,33", "Center": "21,13" },
	"character_supersonic_02_0x63":  { "File": "character_supersonic_02.bmp", "Rect": "127,340,23,48", "Center": "12,25" },
	"character_supersonic_02_0x64":  { "File": "character_supersonic_02.bmp", "Rect": "185,348,23,32", "Center": "12,15" },
	"character_supersonic_02_0x65":  { "File": "character_supersonic_02.bmp", "Rect": "240,344,23,40", "Center": "12,21" },
	"character_supersonic_02_0x66":  { "File": "character_supersonic_02.bmp", "Rect": "295,340,23,48", "Center": "12,24" },
	"character_supersonic_02_0x67":  { "File": "character_supersonic_02.bmp", "Rect": "353,348,23,32", "Center": "12,16" },
	"character_supersonic_02_0x68":  { "File": "character_supersonic_02.bmp", "Rect": "409,344,23,40", "Center": "12,25" },
	"character_supersonic_02_0x69":  { "File": "character_supersonic_02.bmp", "Rect": "460,344,32,40", "Center": "16,20" },
	"character_supersonic_02_0x6a":  { "File": "character_supersonic_02.bmp", "Rect": "515,344,33,40", "Center": "17,20" },
	"character_supersonic_02_0x6b":  { "File": "character_supersonic_02.bmp", "Rect": "572,348,32,32", "Center": "21,20" },
	"character_supersonic_02_0x6c":  { "File": "character_supersonic_02.bmp", "Rect": "619,348,44,32", "Center": "24,16" },
	"character_supersonic_02_0x6d":  { "File": "character_supersonic_02.bmp", "Rect": "674,348,45,36", "Center": "26,15" },
	"character_supersonic_02_0x6e":  { "File": "character_supersonic_02.bmp", "Rect": "735,352,40,28", "Center": "23,11" },
	"character_supersonic_02_0x6f":  { "File": "character_supersonic_02.bmp", "Rect": "794,348,33,32", "Center": "17,16" },
	"character_supersonic_02_0x70":  { "File": "character_supersonic_02.bmp", "Rect": "851,348,32,32", "Center": "16,13" },
	"character_supersonic_02_0x71":  { "File": "character_supersonic_02.bmp", "Rect": "8,408,40,26", "Center": "19,11" },
	"character_supersonic_02_0x72":  { "File": "character_supersonic_02.bmp", "Rect": "64,408,41,28", "Center": "17,11" },
	"character_supersonic_02_0x73":  { "File": "character_supersonic_02.bmp", "Rect": "120,404,42,35", "Center": "18,18" },
	"character_supersonic_02_0x74":  { "File": "character_supersonic_02.bmp", "Rect": "176,404,40,35", "Center": "15,18" },
	"character_supersonic_02_0x75":  { "File": "character_supersonic_02.bmp", "Rect": "236,404,32,32", "Center": "17,19" },
	"character_supersonic_02_0x76":  { "File": "character_supersonic_02.bmp", "Rect": "292,404,32,33", "Center": "15,19" },
	"character_supersonic_02_0x77":  { "File": "character_supersonic_02.bmp", "Rect": "345,408,35,28", "Center": "18,15" },
	"character_supersonic_02_0x78":  { "File": "character_supersonic_02.bmp", "Rect": "397,396,43,48", "Center": "21,25" },
	"character_supersonic_02_0x79":  { "File": "character_supersonic_02.bmp", "Rect": "452,400,48,40", "Center": "31,26" },
	"character_supersonic_02_0x7a":  { "File": "character_supersonic_02.bmp", "Rect": "508,400,48,43", "Center": "26,23" },
	"character_supersonic_02_0x7b":  { "File": "character_supersonic_02.bmp", "Rect": "568,396,40,48", "Center": "27,18" },
	"character_supersonic_02_0x7c":  { "File": "character_supersonic_02.bmp", "Rect": "624,396,43,48", "Center": "23,22" },
	"character_supersonic_02_0x7d":  { "File": "character_supersonic_02.bmp", "Rect": "676,400,48,40", "Center": "20,13" },
	"character_supersonic_02_0x7e":  { "File": "character_supersonic_02.bmp", "Rect": "732,397,48,43", "Center": "23,20" },
	"character_supersonic_02_0x7f":  { "File": "character_supersonic_02.bmp", "Rect": "792,396,40,48", "Center": "13,28" },
	"character_supersonic_02_0x80":  { "File": "character_supersonic_02.bmp", "Rect": "848,391,40,53", "Center": "17,29" },
	"character_supersonic_02_0x81":  { "File": "character_supersonic_02.bmp", "Rect": "6,452,38,50", "Center": "24,24" },
	"character_supersonic_02_0x82":  { "File": "character_supersonic_02.bmp", "Rect": "68,452,32,50", "Center": "20,24" },
	"character_supersonic_02_0x83":  { "File": "character_supersonic_02.bmp", "Rect": "120,449,40,51", "Center": "22,27" },
	"character_supersonic_02_0x84":  { "File": "character_supersonic_02.bmp", "Rect": "180,451,32,49", "Center": "19,25" },
	"character_supersonic_02_0x85":  { "File": "character_supersonic_02.bmp", "Rect": "232,450,36,50", "Center": "21,26" },
	"character_supersonic_02_0x86":  { "File": "character_supersonic_02.bmp", "Rect": "292,460,32,32", "Center": "12,8" },
	"character_supersonic_02_0x87":  { "File": "character_supersonic_02.bmp", "Rect": "348,460,32,32", "Center": "12,8" },
	"character_supersonic_02_0x88":  { "File": "character_supersonic_02.bmp", "Rect": "404,460,32,32", "Center": "12,8" },
	"character_supersonic_02_0x89":  { "File": "character_supersonic_02.bmp", "Rect": "460,460,32,32", "Center": "12,8" },
	"character_supersonic_02_0x8a":  { "File": "character_supersonic_02.bmp", "Rect": "516,460,32,32", "Center": "12,8" },
	"character_supersonic_02_0x8b":  { "File": "character_supersonic_02.bmp", "Rect": "572,460,32,32", "Center": "12,8" },
	"character_supersonic_02_0x8c":  { "File": "character_supersonic_02.bmp", "Rect": "624,460,40,32", "Center": "20,16" },
	"character_supersonic_02_0x8d":  { "File": "character_supersonic_02.bmp", "Rect": "680,460,40,32", "Center": "20,17" },
	"character_supersonic_02_0x8e":  { "File": "character_supersonic_02.bmp", "Rect": "736,452,32,48", "Center": "23,24" },
	"character_supersonic_02_0x8f":  { "File": "character_supersonic_02.bmp", "Rect": "787,460,45,32", "Center": "28,15" },
	"character_supersonic_02_0x90":  { "File": "character_supersonic_02.bmp", "Rect": "849,452,35,48", "Center": "19,24" },
	"character_supersonic_02_0x91":  { "File": "character_supersonic_02.bmp", "Rect": "5,508,43,48", "Center": "19,26" },
	"character_supersonic_02_0x92":  { "File": "character_supersonic_02.bmp", "Rect": "61,509,43,43", "Center": "19,27" },
	"character_supersonic_02_0x93":  { "File": "character_supersonic_02.bmp", "Rect": "121,513,35,35", "Center": "19,27" },
	"character_supersonic_02_0x94":  { "File": "character_supersonic_02.bmp", "Rect": "180,508,32,48", "Center": "15,25" },
	"character_supersonic_02_0x95":  { "File": "character_supersonic_02.bmp", "Rect": "238,508,26,48", "Center": "12,25" },
	"character_supersonic_02_0x96":  { "File": "character_supersonic_02.bmp", "Rect": "292,516,32,32", "Center": "16,16" },
	"character_supersonic_02_0x97":  { "File": "character_supersonic_02.bmp", "Rect": "348,516,32,32", "Center": "16,16" },
	"character_supersonic_02_0x98":  { "File": "character_supersonic_02.bmp", "Rect": "404,516,32,32", "Center": "16,16" },
	"character_supersonic_02_0x99":  { "File": "character_supersonic_02.bmp", "Rect": "460,516,32,32", "Center": "16,16" },
	"character_supersonic_02_0x9a":  { "File": "character_supersonic_02.bmp", "Rect": "516,516,32,32", "Center": "16,16" },
	"character_supersonic_02_0x9b":  { "File": "character_supersonic_02.bmp", "Rect": "568,516,40,32", "Center": "16,12" },
	"character_supersonic_02_0x9c":  { "File": "character_supersonic_02.bmp", "Rect": "624,516,40,32", "Center": "16,12" },
	"character_supersonic_02_0x9d":  { "File": "character_supersonic_02.bmp", "Rect": "680,509,40,43", "Center": "19,24" },
	"character_supersonic_02_0x9e":  { "File": "character_supersonic_02.bmp", "Rect": "736,509,40,43", "Center": "18,24" },
	"character_supersonic_02_0x9f":  { "File": "character_supersonic_02.bmp", "Rect": "796,511,32,41", "Center": "15,23" },
	"character_supersonic_02_0xa0":  { "File": "character_supersonic_02.bmp", "Rect": "852,510,32,42", "Center": "17,22" },
	"character_supersonic_02_0xa1":  { "File": "character_supersonic_02.bmp", "Rect": "6,564,44,48", "Center": "24,28" },
	"character_supersonic_02_0xa2":  { "File": "character_supersonic_02.bmp", "Rect": "62,564,44,48", "Center": "24,28" },
	"character_supersonic_02_0xa3":  { "File": "character_supersonic_02.bmp", "Rect": "120,564,40,48", "Center": "22,28" },
	"character_supersonic_02_0xa4":  { "File": "character_supersonic_02.bmp", "Rect": "174,564,44,48", "Center": "24,28" },
	"character_supersonic_02_0xa5":  { "File": "character_supersonic_02.bmp", "Rect": "230,564,44,48", "Center": "24,28" },
	"character_supersonic_02_0xa6":  { "File": "character_supersonic_02.bmp", "Rect": "288,564,40,48", "Center": "22,28" },
	"character_supersonic_02_0xa7":  { "File": "character_supersonic_02.bmp", "Rect": "344,561,40,47", "Center": "16,27" },
	"character_supersonic_02_0xa8":  { "File": "character_supersonic_02.bmp", "Rect": "400,568,40,40", "Center": "16,20" },
	"character_supersonic_02_0xa9":  { "File": "character_supersonic_02.bmp", "Rect": "456,568,40,40", "Center": "16,20" },
	"character_supersonic_02_0xaa":  { "File": "character_supersonic_02.bmp", "Rect": "504,574,56,26", "Center": "26,14" },
	"character_supersonic_02_0xab":  { "File": "character_supersonic_02.bmp", "Rect": "560,573,56,27", "Center": "26,15" },
	"character_supersonic_02_0xac":  { "File": "character_supersonic_02.bmp", "Rect": "624,568,40,40", "Center": "20,20" },
	"character_supersonic_02_0xad":  { "File": "character_supersonic_02.bmp", "Rect": "684,568,32,40", "Center": "18,20" },
	"character_supersonic_02_0xae":  { "File": "character_supersonic_02.bmp", "Rect": "740,568,32,40", "Center": "18,20" },
	"character_supersonic_02_0xaf":  { "File": "character_supersonic_02.bmp", "Rect": "792,568,40,40", "Center": "26,20" },
	"character_supersonic_02_0xb0":  { "File": "character_supersonic_02.bmp", "Rect": "852,568,32,40", "Center": "22,20" },
	"character_supersonic_02_0xb1":  { "File": "character_supersonic_02.bmp", "Rect": "12,624,32,40", "Center": "17,20" },
	"character_supersonic_02_0xb2":  { "File": "character_supersonic_02.bmp", "Rect": "68,624,32,40", "Center": "17,20" },
	"character_supersonic_02_0xb3":  { "File": "character_supersonic_02.bmp", "Rect": "124,624,32,40", "Center": "17,20" },
	"character_supersonic_02_0xb4":  { "File": "character_supersonic_02.bmp", "Rect": "184,616,27,56", "Center": "11,26" },
	"character_supersonic_02_0xb5":  { "File": "character_supersonic_02.bmp", "Rect": "240,616,26,56", "Center": "11,26" },
	"character_supersonic_02_0xb6":  { "File": "character_supersonic_02.bmp", "Rect": "292,620,32,48", "Center": "19,28" },
	"character_supersonic_02_0xb7":  { "File": "character_supersonic_02.bmp", "Rect": "348,620,32,48", "Center": "19,28" },
	"character_supersonic_02_0xb8":  { "File": "character_supersonic_02.bmp", "Rect": "404,620,32,48", "Center": "19,28" },
	"character_supersonic_02_0xb9":  { "File": "character_supersonic_02.bmp", "Rect": "460,620,32,48", "Center": "19,28" },
	"character_supersonic_02_0xba":  { "File": "character_supersonic_02.bmp", "Rect": "512,620,40,48", "Center": "23,28" },
	"character_supersonic_02_0xbb":  { "File": "character_supersonic_02.bmp", "Rect": "568,620,40,48", "Center": "23,28" },
	"character_supersonic_02_0xbc":  { "File": "character_supersonic_02.bmp", "Rect": "624,620,40,48", "Center": "23,28" },
	"character_supersonic_02_0xbd":  { "File": "character_supersonic_02.bmp", "Rect": "680,620,40,48", "Center": "23,28" },
	"character_supersonic_02_0xbe":  { "File": "character_supersonic_02.bmp", "Rect": "736,620,40,48", "Center": "23,28" },
	"character_supersonic_02_0xbf":  { "File": "character_supersonic_02.bmp", "Rect": "792,620,40,48", "Center": "23,28" },
	"character_supersonic_02_0xc0":  { "File": "character_supersonic_02.bmp", "Rect": "848,620,40,48", "Center": "23,28" },
	"character_supersonic_02_0xc1":  { "File": "character_supersonic_02.bmp", "Rect": "8,676,40,48", "Center": "23,28" },
	"character_supersonic_02_0xc2":  { "File": "character_supersonic_02.bmp", "Rect": "64,676,40,48", "Center": "23,28" },
	"character_supersonic_02_0xc3":  { "File": "character_supersonic_02.bmp", "Rect": "117,678,39,42", "Center": "26,22" },
	"character_supersonic_02_0xc4":  { "File": "character_supersonic_02.bmp", "Rect": "175,679,41,41", "Center": "28,19" },
	"character_supersonic_02_0xc5":  { "File": "character_supersonic_02.bmp", "Rect": "232,676,40,48", "Center": "23,28" },
	"character_supersonic_02_0xc6":  { "File": "character_supersonic_02.bmp", "Rect": "288,676,40,48", "Center": "23,28" },
	"character_supersonic_02_0xc7":  { "File": "character_supersonic_02.bmp", "Rect": "344,676,40,48", "Center": "23,28" },
	"character_supersonic_02_0xc8":  { "File": "character_supersonic_02.bmp", "Rect": "396,683,48,29", "Center": "29,17" },
	"character_supersonic_02_0xc9":  { "File": "character_supersonic_02.bmp", "Rect": "456,683,40,29", "Center": "20,17" },
	"character_supersonic_02_0xca":  { "File": "character_supersonic_02.bmp", "Rect": "516,681,32,31", "Center": "17,19" },
	"character_supersonic_02_0xcb":  { "File": "character_supersonic_02.bmp", "Rect": "568,683,40,29", "Center": "21,17" },
	"character_supersonic_02_0xcc":  { "File": "character_supersonic_02.bmp", "Rect": "620,683,48,29", "Center": "18,17" },
	"character_supersonic_02_0xcd":  { "File": "character_supersonic_02.bmp", "Rect": "680,685,40,27", "Center": "22,15" },
	"character_supersonic_02_0xce":  { "File": "character_supersonic_02.bmp", "Rect": "740,681,32,31", "Center": "17,19" },
	"character_supersonic_02_0xcf":  { "File": "character_supersonic_02.bmp", "Rect": "792,685,40,27", "Center": "17,15" },
	"character_supersonic_02_0xd0":  { "File": "character_supersonic_02.bmp", "Rect": "848,684,40,32", "Center": "20,8" },
	"character_supersonic_02_0xd1":  { "File": "character_supersonic_02.bmp", "Rect": "8,740,40,32", "Center": "20,9" },
	"character_supersonic_02_0xd2":  { "File": "character_supersonic_02.bmp", "Rect": "72,740,24,32", "Center": "12,16" },
	"character_supersonic_02_0xd3":  { "File": "character_supersonic_02.bmp", "Rect": "124,732,32,48", "Center": "13,24" },
	"character_supersonic_02_0xd4":  { "File": "character_supersonic_02.bmp", "Rect": "180,732,32,48", "Center": "16,24" },
	"character_supersonic_02_0xd5":  { "File": "character_supersonic_02.bmp", "Rect": "236,732,32,48", "Center": "16,24" },
	"character_supersonic_02_0xd6":  { "File": "character_supersonic_02.bmp", "Rect": "292,732,32,48", "Center": "16,24" },
	"character_supersonic_02_0xd7":  { "File": "character_supersonic_02.bmp", "Rect": "344,740,40,32", "Center": "24,12" },
	"character_supersonic_02_0xd8":  { "File": "character_supersonic_02.bmp", "Rect": "400,740,40,32", "Center": "24,13" },
	"character_supersonic_02_0xd9":  { "File": "character_supersonic_02.bmp", "Rect": "456,736,40,40", "Center": "24,20" },
	"character_supersonic_02_0xda":  { "File": "character_supersonic_02.bmp", "Rect": "514,734,34,42", "Center": "18,22" },
	"character_supersonic_02_0xdb":  { "File": "character_supersonic_02.bmp", "Rect": "570,734,34,42", "Center": "18,22" },
	"character_supersonic_02_0xdc":  { "File": "character_supersonic_02.bmp", "Rect": "626,734,34,42", "Center": "18,22" },
	"character_supersonic_02_0xdd":  { "File": "character_supersonic_02.bmp", "Rect": "682,734,34,42", "Center": "18,22" },
	"character_supersonic_02_0xde":  { "File": "character_supersonic_02.bmp", "Rect": "738,734,34,42", "Center": "18,22" },
	"character_supersonic_02_0xdf":  { "File": "character_supersonic_02.bmp", "Rect": "794,734,34,42", "Center": "18,22" },
	"character_supersonic_02_0xe0":  { "File": "character_supersonic_02.bmp", "Rect": "854,738,26,34", "Center": "14,18" },
	"character_supersonic_02_0xe1":  { "File": "character_supersonic_02.bmp", "Rect": "16,787,24,45", "Center": "12,25" },
	"character_supersonic_02_0xe2":  { "File": "character_supersonic_02.bmp", "Rect": "68,789,32,43", "Center": "16,23" },
	"character_supersonic_02_0xe3":  { "File": "character_supersonic_02.bmp", "Rect": "120,788,40,48", "Center": "20,24" },
	"character_supersonic_02_0xe4":  { "File": "character_supersonic_02.bmp", "Rect": "174,788,38,48", "Center": "22,24" },
	"character_supersonic_02_0xe5":  { "File": "character_supersonic_02.bmp", "Rect": "233,788,35,48", "Center": "19,24" },
	"character_supersonic_02_0xe6":  { "File": "character_supersonic_02.bmp", "Rect": "292,788,32,48", "Center": "16,24" },
	"character_supersonic_02_0xe7":  { "File": "character_supersonic_02.bmp", "Rect": "352,788,25,48", "Center": "12,24" },
	"character_supersonic_02_0xe8":  { "File": "character_supersonic_02.bmp", "Rect": "404,788,36,48", "Center": "16,24" },
	"character_supersonic_02_0xe9":  { "File": "character_supersonic_02.bmp", "Rect": "460,788,33,48", "Center": "16,24" },
	"character_supersonic_02_0xea":  { "File": "character_supersonic_02.bmp", "Rect": "520,788,25,48", "Center": "12,24" },
	"character_supersonic_02_0xeb":  { "File": "character_supersonic_02.bmp", "Rect": "568,788,40,48", "Center": "20,24" },
	"character_supersonic_02_0xec":  { "File": "character_supersonic_02.bmp", "Rect": "620,792,48,40", "Center": "24,20" },
	"character_supersonic_02_0xed":  { "File": "character_supersonic_02.bmp", "Rect": "684,788,32,48", "Center": "16,24" },
	"character_supersonic_02_0xee":  { "File": "character_supersonic_02.bmp", "Rect": "732,792,48,40", "Center": "24,20" },
	"character_supersonic_02_0xef":  { "File": "character_supersonic_02.bmp", "Rect": "792,792,40,40", "Center": "26,23" },
	"character_supersonic_02_0xf0":  { "File": "character_supersonic_02.bmp", "Rect": "848,792,40,40", "Center": "27,23" },
	"character_supersonic_02_0xf1":  { "File": "character_supersonic_02.bmp", "Rect": "8,848,40,40", "Center": "22,23" },
	"character_supersonic_02_0xf2":  { "File": "character_supersonic_02.bmp", "Rect": "64,848,40,40", "Center": "20,23" },
	"character_supersonic_02_0xf3":  { "File": "character_supersonic_02.bmp", "Rect": "120,848,40,40", "Center": "19,23" },
	"character_supersonic_02_0xf4":  { "File": "character_supersonic_02.bmp", "Rect": "176,848,40,40", "Center": "15,23" },
	"character_supersonic_02_0xf5":  { "File": "character_supersonic_02.bmp", "Rect": "232,848,40,40", "Center": "16,23" },
	"character_supersonic_02_0xf6":  { "File": "character_supersonic_02.bmp", "Rect": "288,848,40,40", "Center": "20,23" },
	"character_supersonic_02_0xf7":  { "File": "character_supersonic_02.bmp", "Rect": "344,848,40,40", "Center": "20,23" },
	"character_supersonic_02_0xf8":  { "File": "character_supersonic_02.bmp", "Rect": "400,848,40,40", "Center": "20,23" },
	"character_supersonic_02_0xf9":  { "File": "character_supersonic_02.bmp", "Rect": "456,848,40,40", "Center": "21,23" },
	"character_supersonic_02_0xfa":  { "File": "character_supersonic_02.bmp", "Rect": "512,848,40,40", "Center": "21,23" }
}