{
	"character_sonic_02_0x01":  { "File": "character_sonic_02.bmp", "Rect": "6,8,38,40", "Center": "22,19" },
	"character_sonic_02_0x02":  { "File": "character_sonic_02.bmp", "Rect": "64,8,35,40", "Center": "20,18" },
	"character_sonic_02_0x03":  { "File": "character_sonic_02.bmp", "Rect": "124,8,32,40", "Center": "20,17" },
	"character_sonic_02_0x04":  { "File": "character_sonic_02.bmp", "Rect": "180,8,32,40", "Center": "18,19" },
	"character_sonic_02_0x05":  { "File": "character_sonic_02.bmp", "Rect": "228,8,40,40", "Center": "22,19" },
	"character_sonic_02_0x06":  { "File": "character_sonic_02.bmp", "Rect": "288,8,35,40", "Center": "19,18" },
	"character_sonic_02_0x07":  { "File": "character_sonic_02.bmp", "Rect": "348,8,32,40", "Center": "20,17" },
	"character_sonic_02_0x08":  { "File": "character_sonic_02.bmp", "Rect": "404,8,33,40", "Center": "20,19" },
	"character_sonic_02_0x09":  { "File": "character_sonic_02.bmp", "Rect": "456,4,40,48", "Center": "23,19" },
	"character_sonic_02_0x0a":  { "File": "character_sonic_02.bmp", "Rect": "508,8,48,40", "Center": "23,15" },
	"character_sonic_02_0x0b":  { "File": "character_sonic_02.bmp", "Rect": "568,8,40,40", "Center": "22,18" },
	"character_sonic_02_0x0c":  { "File": "character_sonic_02.bmp", "Rect": "620,8,48,40", "Center": "22,17" },
	"character_sonic_02_0x0d":  { "File": "character_sonic_02.bmp", "Rect": "680,4,40,48", "Center": "23,19" },
	"character_sonic_02_0x0e":  { "File": "character_sonic_02.bmp", "Rect": "732,4,48,48", "Center": "23,19" },
	"character_sonic_02_0x0f":  { "File": "character_sonic_02.bmp", "Rect": "792,8,40,40", "Center": "22,17" },
	"character_sonic_02_0x10":  { "File": "character_sonic_02.bmp", "Rect": "848,8,40,40", "Center": "22,18" },
	"character_sonic_02_0x11":  { "File": "character_sonic_02.bmp", "Rect": "8,68,40,38", "Center": "20,15" },
	"character_sonic_02_0x12":  { "File": "character_sonic_02.bmp", "Rect": "64,69,40,35", "Center": "20,14" },
	"character_sonic_02_0x13":  { "File": "character_sonic_02.bmp", "Rect": "120,68,40,32", "Center": "20,11" },
	"character_sonic_02_0x14":  { "File": "character_sonic_02.bmp", "Rect": "176,68,40,32", "Center": "20,13" },
	"character_sonic_02_0x15":  { "File": "character_sonic_02.bmp", "Rect": "232,64,40,44", "Center": "20,21" },
	"character_sonic_02_0x16":  { "File": "character_sonic_02.bmp", "Rect": "288,69,40,35", "Center": "20,15" },
	"character_sonic_02_0x17":  { "File": "character_sonic_02.bmp", "Rect": "344,68,40,32", "Center": "20,11" },
	"character_sonic_02_0x18":  { "File": "character_sonic_02.bmp", "Rect": "400,67,40,32", "Center": "20,12" },
	"character_sonic_02_0x19":  { "File": "character_sonic_02.bmp", "Rect": "452,64,48,40", "Center": "20,17" },
	"character_sonic_02_0x1a":  { "File": "character_sonic_02.bmp", "Rect": "512,60,40,48", "Center": "16,25" },
	"character_sonic_02_0x1b":  { "File": "character_sonic_02.bmp", "Rect": "568,64,40,40", "Center": "19,18" },
	"character_sonic_02_0x1c":  { "File": "character_sonic_02.bmp", "Rect": "624,60,40,48", "Center": "18,27" },
	"character_sonic_02_0x1d":  { "File": "character_sonic_02.bmp", "Rect": "676,64,48,40", "Center": "20,18" },
	"character_sonic_02_0x1e":  { "File": "character_sonic_02.bmp", "Rect": "732,60,48,48", "Center": "20,26" },
	"character_sonic_02_0x1f":  { "File": "character_sonic_02.bmp", "Rect": "792,64,40,40", "Center": "18,18" },
	"character_sonic_02_0x20":  { "File": "character_sonic_02.bmp", "Rect": "848,64,40,40", "Center": "19,18" },
	"character_sonic_02_0x21":  { "File": "character_sonic_02.bmp", "Rect": "1,120,44,40", "Center": "27,20" },
	"character_sonic_02_0x22":  { "File": "character_sonic_02.bmp", "Rect": "58,120,42,40", "Center": "23,20" },
	"character_sonic_02_0x23":  { "File": "character_sonic_02.bmp", "Rect": "112,120,44,40", "Center": "27,20" },
	"character_sonic_02_0x24":  { "File": "character_sonic_02.bmp", "Rect": "173,120,39,40", "Center": "20,20" },
	"character_sonic_02_0x25":  { "File": "character_sonic_02.bmp", "Rect": "232,120,40,40", "Center": "19,17" },
	"character_sonic_02_0x26":  { "File": "character_sonic_02.bmp", "Rect": "292,120,32,40", "Center": "16,18" },
	"character_sonic_02_0x27":  { "File": "character_sonic_02.bmp", "Rect": "344,120,40,40", "Center": "19,17" },
	"character_sonic_02_0x28":  { "File": "character_sonic_02.bmp", "Rect": "404,120,32,40", "Center": "16,18" },
	"character_sonic_02_0x29":  { "File": "character_sonic_02.bmp", "Rect": "456,124,40,32", "Center": "20,16" },
	"character_sonic_02_0x2a":  { "File": "character_sonic_02.bmp", "Rect": "512,124,40,32", "Center": "20,16" },
	"character_sonic_02_0x2b":  { "File": "character_sonic_02.bmp", "Rect": "568,124,40,32", "Center": "20,16" },
	"character_sonic_02_0x2c":  { "File": "character_sonic_02.bmp", "Rect": "624,124,40,32", "Center": "20,16" },
	"character_sonic_02_0x2d":  { "File": "character_sonic_02.bmp", "Rect": "680,120,40,40", "Center": "18,22" },
	"character_sonic_02_0x2e":  { "File": "character_sonic_02.bmp", "Rect": "736,124,40,32", "Center": "19,17" },
	"character_sonic_02_0x2f":  { "File": "character_sonic_02.bmp", "Rect": "792,120,40,40", "Center": "18,22" },
	"character_sonic_02_0x30":  { "File": "character_sonic_02.bmp", "Rect": "848,124,40,32", "Center": "19,17" },
	"character_sonic_02_0x31":  { "File": "character_sonic_02.bmp", "Rect": "11,176,32,40", "Center": "15,20" },
	"character_sonic_02_0x32":  { "File": "character_sonic_02.bmp", "Rect": "66,176,32,40", "Center": "15,22" },
	"character_sonic_02_0x33":  { "File": "character_sonic_02.bmp", "Rect": "124,180,32,32", "Center": "15,16" },
	"character_sonic_02_0x34":  { "File": "character_sonic_02.bmp", "Rect": "179,180,32,32", "Center": "16,17" },
	"character_sonic_02_0x35":  { "File": "character_sonic_02.bmp", "Rect": "235,180,32,34", "Center": "13,17" },
	"character_sonic_02_0x36":  { "File": "character_sonic_02.bmp", "Rect": "292,176,32,41", "Center": "15,22" },
	"character_sonic_02_0x37":  { "File": "character_sonic_02.bmp", "Rect": "348,176,32,40", "Center": "16,20" },
	"character_sonic_02_0x38":  { "File": "character_sonic_02.bmp", "Rect": "407,176,24,40", "Center": "13,18" },
	"character_sonic_02_0x39":  { "File": "character_sonic_02.bmp", "Rect": "460,178,32,34", "Center": "16,20" },
	"character_sonic_02_0x3a":  { "File": "character_sonic_02.bmp", "Rect": "516,180,32,32", "Center": "19,16" },
	"character_sonic_02_0x3b":  { "File": "character_sonic_02.bmp", "Rect": "576,176,24,40", "Center": "12,20" },
	"character_sonic_02_0x3c":  { "File": "character_sonic_02.bmp", "Rect": "631,176,25,40", "Center": "13,20" },
	"character_sonic_02_0x3d":  { "File": "character_sonic_02.bmp", "Rect": "688,172,24,48", "Center": "14,26" },
	"character_sonic_02_0x3e":  { "File": "character_sonic_02.bmp", "Rect": "744,178,24,34", "Center": "13,18" },
	"character_sonic_02_0x3f":  { "File": "character_sonic_02.bmp", "Rect": "796,180,32,32", "Center": "17,15" },
	"character_sonic_02_0x40":  { "File": "character_sonic_02.bmp", "Rect": "852,180,32,32", "Center": "16,14" },
	"character_sonic_02_0x41":  { "File": "character_sonic_02.bmp", "Rect": "12,232,32,40", "Center": "16,17" },
	"character_sonic_02_0x42":  { "File": "character_sonic_02.bmp", "Rect": "68,232,32,40", "Center": "16,20" },
	"character_sonic_02_0x43":  { "File": "character_sonic_02.bmp", "Rect": "127,232,24,40", "Center": "12,20" },
	"character_sonic_02_0x44":  { "File": "character_sonic_02.bmp", "Rect": "184,236,24,33", "Center": "12,16" },
	"character_sonic_02_0x45":  { "File": "character_sonic_02.bmp", "Rect": "236,240,32,24", "Center": "14,10" },
	"character_sonic_02_0x46":  { "File": "character_sonic_02.bmp", "Rect": "296,236,24,32", "Center": "13,13" },
	"character_sonic_02_0x47":  { "File": "character_sonic_02.bmp", "Rect": "351,232,25,40", "Center": "14,21" },
	"character_sonic_02_0x48":  { "File": "character_sonic_02.bmp", "Rect": "404,232,32,40", "Center": "16,20" },
	"character_sonic_02_0x49":  { "File": "character_sonic_02.bmp", "Rect": "456,232,40,40", "Center": "20,24" },
	"character_sonic_02_0x4a":  { "File": "character_sonic_02.bmp", "Rect": "516,225,32,48", "Center": "14,25" },
	"character_sonic_02_0x4b":  { "File": "character_sonic_02.bmp", "Rect": "572,233,32,35", "Center": "16,24" },
	"character_sonic_02_0x4c":  { "File": "character_sonic_02.bmp", "Rect": "628,234,32,34", "Center": "13,17" },
	"character_sonic_02_0x4d":  { "File": "character_sonic_02.bmp", "Rect": "684,236,32,32", "Center": "13,18" },
	"character_sonic_02_0x4e":  { "File": "character_sonic_02.bmp", "Rect": "739,236,33,32", "Center": "19,14" },
	"character_sonic_02_0x4f":  { "File": "character_sonic_02.bmp", "Rect": "791,232,41,40", "Center": "23,22" },
	"character_sonic_02_0x50":  { "File": "character_sonic_02.bmp", "Rect": "847,232,41,40", "Center": "22,20" },
	"character_sonic_02_0x51":  { "File": "character_sonic_02.bmp", "Rect": "10,292,34,32", "Center": "19,19" },
	"character_sonic_02_0x52":  { "File": "character_sonic_02.bmp", "Rect": "68,292,32,32", "Center": "14,17" },
	"character_sonic_02_0x53":  { "File": "character_sonic_02.bmp", "Rect": "120,292,40,32", "Center": "24,19" },
	"character_sonic_02_0x54":  { "File": "character_sonic_02.bmp", "Rect": "176,290,40,32", "Center": "17,18" },
	"character_sonic_02_0x55":  { "File": "character_sonic_02.bmp", "Rect": "236,288,32,40", "Center": "17,20" },
	"character_sonic_02_0x56":  { "File": "character_sonic_02.bmp", "Rect": "292,288,32,40", "Center": "17,20" },
	"character_sonic_02_0x57":  { "File": "character_sonic_02.bmp", "Rect": "348,288,32,40", "Center": "16,20" },
	"character_sonic_02_0x58":  { "File": "character_sonic_02.bmp", "Rect": "408,288,25,40", "Center": "13,20" },
	"character_sonic_02_0x59":  { "File": "character_sonic_02.bmp", "Rect": "460,288,32,40", "Center": "17,20" },
	"character_sonic_02_0x5a":  { "File": "character_sonic_02.bmp", "Rect": "516,288,32,40", "Center": "18,20" },
	"character_sonic_02_0x5b":  { "File": "character_sonic_02.bmp", "Rect": "576,288,25,40", "Center": "13,20" },
	"character_sonic_02_0x5c":  { "File": "character_sonic_02.bmp", "Rect": "620,295,48,25", "Center": "21,11" },
	"character_sonic_02_0x5d":  { "File": "character_sonic_02.bmp", "Rect": "684,296,32,25", "Center": "7,12" },
	"character_sonic_02_0x5e":  { "File": "character_sonic_02.bmp", "Rect": "736,295,40,25", "Center": "26,12" },
	"character_sonic_02_0x5f":  { "File": "character_sonic_02.bmp", "Rect": "788,294,48,25", "Center": "27,12" },
	"character_sonic_02_0x60":  { "File": "character_sonic_02.bmp", "Rect": "852,297,32,23", "Center": "10,11" },
	"character_sonic_02_0x61":  { "File": "character_sonic_02.bmp", "Rect": "8,353,40,24", "Center": "37,10" },
	"character_sonic_02_0x62":  { "File": "character_sonic_02.bmp", "Rect": "64,348,40,32", "Center": "21,12" },
	"character_sonic_02_0x63":  { "File": "character_sonic_02.bmp", "Rect": "127,340,25,48", "Center": "12,25" },
	"character_sonic_02_0x64":  { "File": "character_sonic_02.bmp", "Rect": "184,348,25,32", "Center": "12,15" },
	"character_sonic_02_0x65":  { "File": "character_sonic_02.bmp", "Rect": "239,344,25,40", "Center": "13,21" },
	"character_sonic_02_0x66":  { "File": "character_sonic_02.bmp", "Rect": "294,340,25,48", "Center": "13,24" },
	"character_sonic_02_0x67":  { "File": "character_sonic_02.bmp", "Rect": "353,348,23,32", "Center": "12,16" },
	"character_sonic_02_0x68":  { "File": "character_sonic_02.bmp", "Rect": "408,344,24,40", "Center": "13,25" },
	"character_sonic_02_0x69":  { "File": "character_sonic_02.bmp", "Rect": "456,344,34,40", "Center": "20,20" },
	"character_sonic_02_0x6a":  { "File": "character_sonic_02.bmp", "Rect": "512,344,32,40", "Center": "20,20" },
	"character_sonic_02_0x6b":  { "File": "character_sonic_02.bmp", "Rect": "572,348,32,32", "Center": "21,20" },
	"character_sonic_02_0x6c":  { "File": "character_sonic_02.bmp", "Rect": "622,348,41,32", "Center": "21,16" },
	"character_sonic_02_0x6d":  { "File": "character_sonic_02.bmp", "Rect": "679,348,40,32", "Center": "21,15" },
	"character_sonic_02_0x6e":  { "File": "character_sonic_02.bmp", "Rect": "735,353,40,24", "Center": "23,10" },
	"character_sonic_02_0x6f":  { "File": "character_sonic_02.bmp", "Rect": "795,348,34,32", "Center": "16,16" },
	"character_sonic_02_0x70":  { "File": "character_sonic_02.bmp", "Rect": "851,348,32,32", "Center": "16,13" },
	"character_sonic_02_0x71":  { "File": "character_sonic_02.bmp", "Rect": "8,408,40,24", "Center": "19,11" },
	"character_sonic_02_0x72":  { "File": "character_sonic_02.bmp", "Rect": "64,408,40,25", "Center": "17,11" },
	"character_sonic_02_0x73":  { "File": "character_sonic_02.bmp", "Rect": "120,404,40,33", "Center": "18,18" },
	"character_sonic_02_0x74":  { "File": "character_sonic_02.bmp", "Rect": "176,404,40,34", "Center": "15,18" },
	"character_sonic_02_0x75":  { "File": "character_sonic_02.bmp", "Rect": "236,404,32,32", "Center": "17,19" },
	"character_sonic_02_0x76":  { "File": "character_sonic_02.bmp", "Rect": "292,404,32,33", "Center": "15,19" },
	"character_sonic_02_0x77":  { "File": "character_sonic_02.bmp", "Rect": "346,404,34,33", "Center": "17,19" },
	"character_sonic_02_0x78":  { "File": "character_sonic_02.bmp", "Rect": "400,396,40,48", "Center": "18,25" },
	"character_sonic_02_0x79":  { "File": "character_sonic_02.bmp", "Rect": "452,400,48,40", "Center": "31,26" },
	"character_sonic_02_0x7a":  { "File": "character_sonic_02.bmp", "Rect": "508,400,48,40", "Center": "26,23" },
	"character_sonic_02_0x7b":  { "File": "character_sonic_02.bmp", "Rect": "568,396,40,48", "Center": "27,18" },
	"character_sonic_02_0x7c":  { "File": "character_sonic_02.bmp", "Rect": "624,396,40,48", "Center": "23,22" },
	"character_sonic_02_0x7d":  { "File": "character_sonic_02.bmp", "Rect": "676,400,48,40", "Center": "20,13" },
	"character_sonic_02_0x7e":  { "File": "character_sonic_02.bmp", "Rect": "732,400,48,40", "Center": "23,17" },
	"character_sonic_02_0x7f":  { "File": "character_sonic_02.bmp", "Rect": "792,396,40,48", "Center": "13,28" },
	"character_sonic_02_0x80":  { "File": "character_sonic_02.bmp", "Rect": "848,396,40,48", "Center": "17,24" },
	"character_sonic_02_0x81":  { "File": "character_sonic_02.bmp", "Rect": "12,452,32,50", "Center": "18,24" },
	"character_sonic_02_0x82":  { "File": "character_sonic_02.bmp", "Rect": "68,452,32,50", "Center": "20,24" },
	"character_sonic_02_0x83":  { "File": "character_sonic_02.bmp", "Rect": "120,452,40,48", "Center": "22,24" },
	"character_sonic_02_0x84":  { "File": "character_sonic_02.bmp", "Rect": "180,452,32,48", "Center": "19,24" },
	"character_sonic_02_0x85":  { "File": "character_sonic_02.bmp", "Rect": "236,452,32,48", "Center": "17,24" },
	"character_sonic_02_0x86":  { "File": "character_sonic_02.bmp", "Rect": "292,460,32,32", "Center": "12,8" },
	"character_sonic_02_0x87":  { "File": "character_sonic_02.bmp", "Rect": "348,460,32,32", "Center": "12,8" },
	"character_sonic_02_0x88":  { "File": "character_sonic_02.bmp", "Rect": "404,460,32,32", "Center": "12,8" },
	"character_sonic_02_0x89":  { "File": "character_sonic_02.bmp", "Rect": "460,460,32,32", "Center": "12,8" },
	"character_sonic_02_0x8a":  { "File": "character_sonic_02.bmp", "Rect": "516,460,32,32", "Center": "12,8" },
	"character_sonic_02_0x8b":  { "File": "character_sonic_02.bmp", "Rect": "572,460,32,32", "Center": "12,8" },
	"character_sonic_02_0x8c":  { "File": "character_sonic_02.bmp", "Rect": "624,460,40,32", "Center": "20,16" },
	"character_sonic_02_0x8d":  { "File": "character_sonic_02.bmp", "Rect": "680,460,40,32", "Center": "20,17" },
	"character_sonic_02_0x8e":  { "File": "character_sonic_02.bmp", "Rect": "743,452,25,48", "Center": "16,24" },
	"character_sonic_02_0x8f":  { "File": "character_sonic_02.bmp", "Rect": "792,460,40,32", "Center": "23,15" },
	"character_sonic_02_0x90":  { "File": "character_sonic_02.bmp", "Rect": "852,452,33,48", "Center": "16,24" },
	"character_sonic_02_0x91":  { "File": "character_sonic_02.bmp", "Rect": "8,508,40,48", "Center": "16,26" },
	"character_sonic_02_0x92":  { "File": "character_sonic_02.bmp", "Rect": "64,512,40,40", "Center": "16,24" },
	"character_sonic_02_0x93":  { "File": "character_sonic_02.bmp", "Rect": "124,516,32,32", "Center": "16,24" },
	"character_sonic_02_0x94":  { "File": "character_sonic_02.bmp", "Rect": "180,508,32,48", "Center": "15,25" },
	"character_sonic_02_0x95":  { "File": "character_sonic_02.bmp", "Rect": "237,508,25,48", "Center": "13,25" },
	"character_sonic_02_0x96":  { "File": "character_sonic_02.bmp", "Rect": "292,516,32,32", "Center": "16,16" },
	"character_sonic_02_0x97":  { "File": "character_sonic_02.bmp", "Rect": "348,516,32,32", "Center": "16,16" },
	"character_sonic_02_0x98":  { "File": "character_sonic_02.bmp", "Rect": "404,516,32,32", "Center": "16,16" },
	"character_sonic_02_0x99":  { "File": "character_sonic_02.bmp", "Rect": "460,516,32,32", "Center": "16,16" },
	"character_sonic_02_0x9a":  { "File": "character_sonic_02.bmp", "Rect": "516,516,32,32", "Center": "16,16" },
	"character_sonic_02_0x9b":  { "File": "character_sonic_02.bmp", "Rect": "574,512,31,40", "Center": "13,20" },
	"character_sonic_02_0x9c":  { "File": "character_sonic_02.bmp", "Rect": "628,516,32,32", "Center": "16,12" },
	"character_sonic_02_0x9d":  { "File": "character_sonic_02.bmp", "Rect": "680,512,40,40", "Center": "19,21" },
	"character_sonic_02_0x9e":  { "File": "character_sonic_02.bmp", "Rect": "736,512,40,40", "Center": "18,21" },
	"character_sonic_02_0x9f":  { "File": "character_sonic_02.bmp", "Rect": "796,512,32,40", "Center": "15,22" },
	"character_sonic_02_0xa0":  { "File": "character_sonic_02.bmp", "Rect": "852,512,32,40", "Center": "17,20" },
	"character_sonic_02_0xa1":  { "File": "character_sonic_02.bmp", "Rect": "8,566,40,42", "Center": "29,22" },
	"character_sonic_02_0xa2":  { "File": "character_sonic_02.bmp", "Rect": "64,563,40,48", "Center": "29,28" },
	"character_sonic_02_0xa3":  { "File": "character_sonic_02.bmp", "Rect": "120,564,39,48", "Center": "28,28" },
	"character_sonic_02_0xa4":  { "File": "character_sonic_02.bmp", "Rect": "176,568,41,40", "Center": "31,20" },
	"character_sonic_02_0xa5":  { "File": "character_sonic_02.bmp", "Rect": "232,568,41,40", "Center": "29,20" },
	"character_sonic_02_0xa6":  { "File": "character_sonic_02.bmp", "Rect": "288,568,41,40", "Center": "30,19" },
	"character_sonic_02_0xa7":  { "File": "character_sonic_02.bmp", "Rect": "344,568,40,40", "Center": "16,20" },
	"character_sonic_02_0xa8":  { "File": "character_sonic_02.bmp", "Rect": "400,568,40,40", "Center": "16,20" },
	"character_sonic_02_0xa9":  { "File": "character_sonic_02.bmp", "Rect": "456,568,40,40", "Center": "16,20" },
	"character_sonic_02_0xaa":  { "File": "character_sonic_02.bmp", "Rect": "504,576,56,24", "Center": "26,12" },
	"character_sonic_02_0xab":  { "File": "character_sonic_02.bmp", "Rect": "560,576,56,24", "Center": "26,12" },
	"character_sonic_02_0xac":  { "File": "character_sonic_02.bmp", "Rect": "624,568,40,40", "Center": "20,20" },
	"character_sonic_02_0xad":  { "File": "character_sonic_02.bmp", "Rect": "684,568,32,40", "Center": "17,20" },
	"character_sonic_02_0xae":  { "File": "character_sonic_02.bmp", "Rect": "740,568,32,40", "Center": "17,20" },
	"character_sonic_02_0xaf":  { "File": "character_sonic_02.bmp", "Rect": "792,568,40,40", "Center": "25,20" },
	"character_sonic_02_0xb0":  { "File": "character_sonic_02.bmp", "Rect": "852,568,32,40", "Center": "16,20" },
	"character_sonic_02_0xb1":  { "File": "character_sonic_02.bmp", "Rect": "12,624,32,40", "Center": "16,20" },
	"character_sonic_02_0xb2":  { "File": "character_sonic_02.bmp", "Rect": "68,624,32,40", "Center": "16,20" },
	"character_sonic_02_0xb3":  { "File": "character_sonic_02.bmp", "Rect": "124,624,32,40", "Center": "16,20" },
	"character_sonic_02_0xb4":  { "File": "character_sonic_02.bmp", "Rect": "184,616,24,56", "Center": "11,26" },
	"character_sonic_02_0xb5":  { "File": "character_sonic_02.bmp", "Rect": "240,616,24,56", "Center": "11,26" },
	"character_sonic_02_0xb6":  { "File": "character_sonic_02.bmp", "Rect": "292,624,32,40", "Center": "19,20" },
	"character_sonic_02_0xb7":  { "File": "character_sonic_02.bmp", "Rect": "352,624,24,40", "Center": "11,20" },
	"character_sonic_02_0xb8":  { "File": "character_sonic_02.bmp", "Rect": "404,624,32,40", "Center": "19,20" },
	"character_sonic_02_0xb9":  { "File": "character_sonic_02.bmp", "Rect": "464,624,24,40", "Center": "11,20" },
	"character_sonic_02_0xba":  { "File": "character_sonic_02.bmp", "Rect": "516,624,32,40", "Center": "16,20" },
	"character_sonic_02_0xbb":  { "File": "character_sonic_02.bmp", "Rect": "571,624,32,40", "Center": "17,19" },
	"character_sonic_02_0xbc":  { "File": "character_sonic_02.bmp", "Rect": "628,624,32,40", "Center": "17,20" },
	"character_sonic_02_0xbd":  { "File": "character_sonic_02.bmp", "Rect": "684,624,32,40", "Center": "17,20" },
	"character_sonic_02_0xbe":  { "File": "character_sonic_02.bmp", "Rect": "740,624,32,40", "Center": "17,20" },
	"character_sonic_02_0xbf":  { "File": "character_sonic_02.bmp", "Rect": "796,624,32,40", "Center": "17,20" },
	"character_sonic_02_0xc0":  { "File": "character_sonic_02.bmp", "Rect": "852,624,32,40", "Center": "17,20" },
	"character_sonic_02_0xc1":  { "File": "character_sonic_02.bmp", "Rect": "12,680,32,40", "Center": "17,20" },
	"character_sonic_02_0xc2":  { "File": "character_sonic_02.bmp", "Rect": "68,680,32,40", "Center": "17,20" },
	"character_sonic_02_0xc3":  { "File": "character_sonic_02.bmp", "Rect": "124,680,32,40", "Center": "19,20" },
	"character_sonic_02_0xc4":  { "File": "character_sonic_02.bmp", "Rect": "176,680,40,40", "Center": "27,18" },
	"character_sonic_02_0xc5":  { "File": "character_sonic_02.bmp", "Rect": "236,680,32,40", "Center": "19,20" },
	"character_sonic_02_0xc6":  { "File": "character_sonic_02.bmp", "Rect": "292,680,32,40", "Center": "18,20" },
	"character_sonic_02_0xc7":  { "File": "character_sonic_02.bmp", "Rect": "348,680,32,40", "Center": "19,20" },
	"character_sonic_02_0xc8":  { "File": "character_sonic_02.bmp", "Rect": "396,688,48,25", "Center": "29,12" },
	"character_sonic_02_0xc9":  { "File": "character_sonic_02.bmp", "Rect": "456,688,40,25", "Center": "20,12" },
	"character_sonic_02_0xca":  { "File": "character_sonic_02.bmp", "Rect": "516,688,32,24", "Center": "17,12" },
	"character_sonic_02_0xcb":  { "File": "character_sonic_02.bmp", "Rect": "568,688,40,25", "Center": "21,12" },
	"character_sonic_02_0xcc":  { "File": "character_sonic_02.bmp", "Rect": "620,688,48,25", "Center": "18,12" },
	"character_sonic_02_0xcd":  { "File": "character_sonic_02.bmp", "Rect": "680,687,40,26", "Center": "22,13" },
	"character_sonic_02_0xce":  { "File": "character_sonic_02.bmp", "Rect": "740,686,32,28", "Center": "17,14" },
	"character_sonic_02_0xcf":  { "File": "character_sonic_02.bmp", "Rect": "792,687,40,26", "Center": "17,13" },
	"character_sonic_02_0xd0":  { "File": "character_sonic_02.bmp", "Rect": "848,684,40,32", "Center": "20,8" },
	"character_sonic_02_0xd1":  { "File": "character_sonic_02.bmp", "Rect": "8,740,40,32", "Center": "20,9" },
	"character_sonic_02_0xd2":  { "File": "character_sonic_02.bmp", "Rect": "72,740,24,32", "Center": "12,16" },
	"character_sonic_02_0xd3":  { "File": "character_sonic_02.bmp", "Rect": "124,732,32,48", "Center": "13,24" },
	"character_sonic_02_0xd4":  { "File": "character_sonic_02.bmp", "Rect": "180,732,32,48", "Center": "16,24" },
	"character_sonic_02_0xd5":  { "File": "character_sonic_02.bmp", "Rect": "236,732,32,48", "Center": "16,24" },
	"character_sonic_02_0xd6":  { "File": "character_sonic_02.bmp", "Rect": "292,732,32,48", "Center": "16,24" },
	"character_sonic_02_0xd7":  { "File": "character_sonic_02.bmp", "Rect": "344,740,40,32", "Center": "24,12" },
	"character_sonic_02_0xd8":  { "File": "character_sonic_02.bmp", "Rect": "400,740,40,32", "Center": "24,13" },
	"character_sonic_02_0xd9":  { "File": "character_sonic_02.bmp", "Rect": "456,736,40,40", "Center": "25,20" },
	"character_sonic_02_0xda":  { "File": "character_sonic_02.bmp", "Rect": "516,736,32,40", "Center": "16,20" },
	"character_sonic_02_0xdb":  { "File": "character_sonic_02.bmp", "Rect": "572,736,32,40", "Center": "16,20" },
	"character_sonic_02_0xdc":  { "File": "character_sonic_02.bmp", "Rect": "628,736,32,40", "Center": "16,20" },
	"character_sonic_02_0xdd":  { "File": "character_sonic_02.bmp", "Rect": "684,736,32,40", "Center": "16,20" },
	"character_sonic_02_0xde":  { "File": "character_sonic_02.bmp", "Rect": "740,736,32,40", "Center": "16,20" },
	"character_sonic_02_0xdf":  { "File": "character_sonic_02.bmp", "Rect": "796,736,32,40", "Center": "16,20" },
	"character_sonic_02_0xe0":  { "File": "character_sonic_02.bmp", "Rect": "856,740,25,32", "Center": "12,16" },
	"character_sonic_02_0xe1":  { "File": "character_sonic_02.bmp", "Rect": "16,792,24,40", "Center": "12,20" },
	"character_sonic_02_0xe2":  { "File": "character_sonic_02.bmp", "Rect": "68,792,32,40", "Center": "16,20" },
	"character_sonic_02_0xe3":  { "File": "character_sonic_02.bmp", "Rect": "120,788,40,48", "Center": "20,24" },
	"character_sonic_02_0xe4":  { "File": "character_sonic_02.bmp", "Rect": "180,788,32,49", "Center": "16,24" },
	"character_sonic_02_0xe5":  { "File": "character_sonic_02.bmp", "Rect": "236,788,33,48", "Center": "16,24" },
	"character_sonic_02_0xe6":  { "File": "character_sonic_02.bmp", "Rect": "292,788,32,49", "Center": "16,24" },
	"character_sonic_02_0xe7":  { "File": "character_sonic_02.bmp", "Rect": "352,788,25,49", "Center": "12,24" },
	"character_sonic_02_0xe8":  { "File": "character_sonic_02.bmp", "Rect": "404,788,32,48", "Center": "16,24" },
	"character_sonic_02_0xe9":  { "File": "character_sonic_02.bmp", "Rect": "460,788,32,48", "Center": "16,24" },
	"character_sonic_02_0xea":  { "File": "character_sonic_02.bmp", "Rect": "520,788,25,48", "Center": "12,24" },
	"character_sonic_02_0xeb":  { "File": "character_sonic_02.bmp", "Rect": "568,788,40,48", "Center": "20,24" },
	"character_sonic_02_0xec":  { "File": "character_sonic_02.bmp", "Rect": "620,792,48,40", "Center": "24,20" },
	"character_sonic_02_0xed":  { "File": "character_sonic_02.bmp", "Rect": "684,788,32,48", "Center": "16,24" },
	"character_sonic_02_0xee":  { "File": "character_sonic_02.bmp", "Rect": "732,792,48,40", "Center": "24,20" },
	"character_sonic_02_0xef":  { "File": "character_sonic_02.bmp", "Rect": "796,792,32,40", "Center": "16,20" },
	"character_sonic_02_0xf0":  { "File": "character_sonic_02.bmp", "Rect": "845,792,39,40", "Center": "23,20" },
	"character_sonic_02_0xf1":  { "File": "character_sonic_02.bmp", "Rect": "13,848,27,40", "Center": "15,20" },
	"character_sonic_02_0xf2":  { "File": "character_sonic_02.bmp", "Rect": "71,848,25,40", "Center": "13,20" },
	"character_sonic_02_0xf3":  { "File": "character_sonic_02.bmp", "Rect": "124,848,29,40", "Center": "16,20" },
	"character_sonic_02_0xf4":  { "File": "character_sonic_02.bmp", "Rect": "178,848,39,40", "Center": "18,20" },
	"character_sonic_02_0xf5":  { "File": "character_sonic_02.bmp", "Rect": "234,848,34,40", "Center": "18,20" },
	"character_sonic_02_0xf6":  { "File": "character_sonic_02.bmp", "Rect": "292,848,32,40", "Center": "16,20" },
	"character_sonic_02_0xf7":  { "File": "character_sonic_02.bmp", "Rect": "350,848,26,40", "Center": "14,20" },
	"character_sonic_02_0xf8":  { "File": "character_sonic_02.bmp", "Rect": "408,848,25,40", "Center": "12,20" },
	"character_sonic_02_0xf9":  { "File": "character_sonic_02.bmp", "Rect": "463,848,26,40", "Center": "13,20" },
	"character_sonic_02_0xfa":  { "File": "character_sonic_02.bmp", "Rect": "515,848,33,40", "Center": "17,20" }
}