{
	"character_sonic_springtwirl_0":  { "File": "sonic_twirl.bmp", "Rect": "0,0,24,45", "Center": "12,20" },
	"character_sonic_springtwirl_1":  { "File": "sonic_twirl.bmp", "Rect": "25,0,24,45", "Center": "12,20" },
	"character_sonic_springtwirl_2":  { "File": "sonic_twirl.bmp", "Rect": "50,0,24,45", "Center": "12,20" },
	"character_sonic_springtwirl_3":  { "File": "sonic_twirl.bmp", "Rect": "75,0,24,45", "Center": "12,20" },
	"character_sonic_springtwirl_4":  { "File": "sonic_twirl.bmp", "Rect": "100,0,25,45", "Center": "12,20" },
	"character_supersonic_springtwirl_0":  { "File": "supersonic_twirl.bmp", "Rect": "0,0,40,46", "Center": "20,21" },
	"character_supersonic_springtwirl_1":  { "File": "supersonic_twirl.bmp", "Rect": "41,0,40,46", "Center": "20,21" },
	"character_supersonic_springtwirl_2":  { "File": "supersonic_twirl.bmp", "Rect": "82,0,40,46", "Center": "20,21" },
	"character_supersonic_springtwirl_3":  { "File": "supersonic_twirl.bmp", "Rect": "123,0,40,46", "Center": "20,21" },
	"character_supersonic_springtwirl_4":  { "File": "supersonic_twirl.bmp", "Rect": "164,0,40,46", "Center": "20,21" }
}